Date,Year,Fuel_Type,Price,Target_Category,Vehicle_Examples,Oil_Price,USD_Rate,Oil_3M_Avg,USD_3M_Avg
2014-07-05,2014,Diesel (Solar),1.8,Transport & Heavy,Microbus/Trucks/Buses,111,7.133999825,109.3486667,7.020617792
2014-07-05,2014,Octane 80,1.6,Old & Private,Lada/Fiat 128,111,7.133999825,109.3486667,7.020617792
2014-07-05,2014,Octane 95,6.25,Luxury & Turbo,Mercedes/BMW/Kia Turbo,111,7.133999825,109.3486667,7.020617792
2014-07-05,2014,Octane 92,2.6,Modern Economy,Nissan/Toyota/Hyundai,111,7.133999825,109.3486667,7.020617792
2016-11-04,2016,Diesel (Solar),2.35,Transport & Heavy,Microbus/Trucks/Buses,45.58000183,15.24300003,47.96077762,8.935062144
2016-11-04,2016,Octane 95,6.25,Luxury & Turbo,Mercedes/BMW/Kia Turbo,45.58000183,15.24300003,47.96077762,8.935062144
2016-11-04,2016,Octane 92,3.5,Modern Economy,Nissan/Toyota/Hyundai,45.58000183,15.24300003,47.96077762,8.935062144
2016-11-04,2016,Octane 80,2.35,Old & Private,Lada/Fiat 128,45.58000183,15.24300003,47.96077762,8.935062144
2017-06-29,2017,Diesel (Solar),3.65,Transport & Heavy,Microbus/Trucks/Buses,47.41999817,18.09799957,51.53077783,17.81329335
2017-06-29,2017,Octane 95,6.6,Luxury & Turbo,Mercedes/BMW/Kia Turbo,47.41999817,18.09799957,51.53077783,17.81329335
2017-06-29,2017,Octane 92,5,Modern Economy,Nissan/Toyota/Hyundai,47.41999817,18.09799957,51.53077783,17.81329335
2017-06-29,2017,Octane 80,3.65,Old & Private,Lada/Fiat 128,47.41999817,18.09799957,51.53077783,17.81329335
2018-06-16,2018,Octane 80,5.5,Old & Private,Lada/Fiat 128,73.44000244,17.81599998,71.33311102,17.68926671
2018-06-16,2018,Diesel (Solar),5.5,Transport & Heavy,Microbus/Trucks/Buses,73.44000244,17.81599998,71.33311102,17.68926671
2018-06-16,2018,Octane 95,7.75,Luxury & Turbo,Mercedes/BMW/Kia Turbo,73.44000244,17.81599998,71.33311102,17.68926671
2018-06-16,2018,Octane 92,6.75,Modern Economy,Nissan/Toyota/Hyundai,73.44000244,17.81599998,71.33311102,17.68926671
2019-07-05,2019,Diesel (Solar),6.75,Transport & Heavy,Microbus/Trucks/Buses,64.23000336,16.59900093,67.79500037,17.07865677
2019-07-05,2019,Octane 95,9,Luxury & Turbo,Mercedes/BMW/Kia Turbo,64.23000336,16.59900093,67.79500037,17.07865677
2019-07-05,2019,Octane 92,8,Modern Economy,Nissan/Toyota/Hyundai,64.23000336,16.59900093,67.79500037,17.07865677
2019-07-05,2019,Octane 80,6.75,Old & Private,Lada/Fiat 128,64.23000336,16.59900093,67.79500037,17.07865677
2019-10-04,2019,Octane 80,6.5,Old & Private,Lada/Fiat 128,58.36999893,16.2779007,62.18700002,16.54721896
2019-10-04,2019,Octane 92,7.75,Modern Economy,Nissan/Toyota/Hyundai,58.36999893,16.2779007,62.18700002,16.54721896
2019-10-04,2019,Octane 95,8.75,Luxury & Turbo,Mercedes/BMW/Kia Turbo,58.36999893,16.2779007,62.18700002,16.54721896
2019-10-04,2019,Diesel (Solar),6.75,Transport & Heavy,Microbus/Trucks/Buses,58.36999893,16.2779007,62.18700002,16.54721896
2020-04-11,2020,Octane 80,6.25,Old & Private,Lada/Fiat 128,31.47999954,15.72584724,52.40222212,15.80734663
2020-04-11,2020,Diesel (Solar),6.75,Transport & Heavy,Microbus/Trucks/Buses,31.47999954,15.72584724,52.40222212,15.80734663
2020-04-11,2020,Octane 95,8.5,Luxury & Turbo,Mercedes/BMW/Kia Turbo,31.47999954,15.72584724,52.40222212,15.80734663
2020-04-11,2020,Octane 92,7.5,Modern Economy,Nissan/Toyota/Hyundai,31.47999954,15.72584724,52.40222212,15.80734663
2021-04-23,2021,Diesel (Solar),6.75,Transport & Heavy,Microbus/Trucks/Buses,66.11000061,15.67070007,60.51522225,15.67019111
2021-04-23,2021,Octane 95,8.75,Luxury & Turbo,Mercedes/BMW/Kia Turbo,66.11000061,15.67070007,60.51522225,15.67019111
2021-04-23,2021,Octane 92,7.75,Modern Economy,Nissan/Toyota/Hyundai,66.11000061,15.67070007,60.51522225,15.67019111
2021-04-23,2021,Octane 80,6.5,Old & Private,Lada/Fiat 128,66.11000061,15.67070007,60.51522225,15.67019111
2021-07-23,2021,Octane 92,8,Modern Economy,Nissan/Toyota/Hyundai,74.09999847,15.64299965,69.31177788,15.65458481
2021-07-23,2021,Octane 80,6.75,Old & Private,Lada/Fiat 128,74.09999847,15.64299965,69.31177788,15.65458481
2021-07-23,2021,Diesel (Solar),6.75,Transport & Heavy,Microbus/Trucks/Buses,74.09999847,15.64299965,69.31177788,15.65458481
2021-07-23,2021,Octane 95,9,Luxury & Turbo,Mercedes/BMW/Kia Turbo,74.09999847,15.64299965,69.31177788,15.65458481
2021-10-08,2021,Diesel (Solar),6.75,Transport & Heavy,Microbus/Trucks/Buses,82.38999939,15.66699982,73.83955527,15.66416426
2021-10-08,2021,Octane 95,9.25,Luxury & Turbo,Mercedes/BMW/Kia Turbo,82.38999939,15.66699982,73.83955527,15.66416426
2021-10-08,2021,Octane 92,8.25,Modern Economy,Nissan/Toyota/Hyundai,82.38999939,15.66699982,73.83955527,15.66416426
2021-10-08,2021,Octane 80,7,Old & Private,Lada/Fiat 128,82.38999939,15.66699982,73.83955527,15.66416426
2022-02-04,2022,Diesel (Solar),6.75,Transport & Heavy,Microbus/Trucks/Buses,93.26999664,15.70470047,81.44666638,15.69069201
2022-02-04,2022,Octane 95,9.5,Luxury & Turbo,Mercedes/BMW/Kia Turbo,93.26999664,15.70470047,81.44666638,15.69069201
2022-02-04,2022,Octane 92,8.5,Modern Economy,Nissan/Toyota/Hyundai,93.26999664,15.70470047,81.44666638,15.69069201
2022-02-04,2022,Octane 80,7.25,Old & Private,Lada/Fiat 128,93.26999664,15.70470047,81.44666638,15.69069201
2022-04-15,2022,Diesel (Solar),6.75,Transport & Heavy,Microbus/Trucks/Buses,111.6999969,18.37890053,94.36966671,16.21667027
2022-04-15,2022,Octane 92,8.75,Modern Economy,Nissan/Toyota/Hyundai,111.6999969,18.37890053,94.36966671,16.21667027
2022-04-15,2022,Octane 80,7.5,Old & Private,Lada/Fiat 128,111.6999969,18.37890053,94.36966671,16.21667027
2022-04-15,2022,Octane 95,9.75,Luxury & Turbo,Mercedes/BMW/Kia Turbo,111.6999969,18.37890053,94.36966671,16.21667027
2022-07-13,2022,Diesel (Solar),7.25,Transport & Heavy,Microbus/Trucks/Buses,99.56999969,18.85560036,111.354778,18.13983302
2022-07-13,2022,Octane 95,10.75,Luxury & Turbo,Mercedes/BMW/Kia Turbo,99.56999969,18.85560036,111.354778,18.13983302
2022-07-13,2022,Octane 92,9.25,Modern Economy,Nissan/Toyota/Hyundai,99.56999969,18.85560036,111.354778,18.13983302
2022-07-13,2022,Octane 80,8,Old & Private,Lada/Fiat 128,99.56999969,18.85560036,111.354778,18.13983302
2023-03-02,2023,Octane 80,8.75,Old & Private,Lada/Fiat 128,84.75,30.60020065,85.76022212,26.49920148
2023-03-02,2023,Octane 92,10.25,Modern Economy,Nissan/Toyota/Hyundai,84.75,30.60020065,85.76022212,26.49920148
2023-03-02,2023,Diesel (Solar),7.25,Transport & Heavy,Microbus/Trucks/Buses,84.75,30.60020065,85.76022212,26.49920148
2023-03-02,2023,Natural Gas (CNG),4.5,Savings & Taxi,Converted Taxis/Uber,84.75,30.60020065,85.76022212,26.49920148
2023-03-02,2023,Octane 95,11.5,Luxury & Turbo,Mercedes/BMW/Kia Turbo,84.75,30.60020065,85.76022212,26.49920148
2023-05-04,2023,Diesel (Solar),8.25,Transport & Heavy,Microbus/Trucks/Buses,72.5,30.92239952,82.10188895,29.91835113
2023-11-03,2023,Natural Gas (CNG),5.5,Savings & Taxi,Converted Taxis/Uber,84.88999939,30.87100029,86.41044413,30.86600369
2023-11-03,2023,Diesel (Solar),8.25,Transport & Heavy,Microbus/Trucks/Buses,84.88999939,30.87100029,86.41044413,30.86600369
2023-11-03,2023,Octane 95,12.5,Luxury & Turbo,Mercedes/BMW/Kia Turbo,84.88999939,30.87100029,86.41044413,30.86600369
2023-11-03,2023,Octane 92,11.5,Modern Economy,Nissan/Toyota/Hyundai,84.88999939,30.87100029,86.41044413,30.86600369
2023-11-03,2023,Octane 80,10,Old & Private,Lada/Fiat 128,84.88999939,30.87100029,86.41044413,30.86600369
2024-03-22,2024,Octane 92,12.5,Modern Economy,Nissan/Toyota/Hyundai,85.43000031,46.6216011,80.51988873,33.16365982
2024-03-22,2024,Octane 80,11,Old & Private,Lada/Fiat 128,85.43000031,46.6216011,80.51988873,33.16365982
2024-03-22,2024,Diesel (Solar),10,Transport & Heavy,Microbus/Trucks/Buses,85.43000031,46.6216011,80.51988873,33.16365982
2024-03-22,2024,Natural Gas (CNG),6.5,Savings & Taxi,Converted Taxis/Uber,85.43000031,46.6216011,80.51988873,33.16365982
2024-03-22,2024,Octane 95,13.5,Luxury & Turbo,Mercedes/BMW/Kia Turbo,85.43000031,46.6216011,80.51988873,33.16365982
2024-07-25,2024,Natural Gas (CNG),6.5,Savings & Taxi,Converted Taxis/Uber,82.37000275,48.30559921,85.09166667,47.63442014
2024-07-25,2024,Diesel (Solar),11.5,Transport & Heavy,Microbus/Trucks/Buses,82.37000275,48.30559921,85.09166667,47.63442014
2024-07-25,2024,Octane 95,15,Luxury & Turbo,Mercedes/BMW/Kia Turbo,82.37000275,48.30559921,85.09166667,47.63442014
2024-07-25,2024,Octane 92,13.75,Modern Economy,Nissan/Toyota/Hyundai,82.37000275,48.30559921,85.09166667,47.63442014
2024-07-25,2024,Octane 80,12.25,Old & Private,Lada/Fiat 128,82.37000275,48.30559921,85.09166667,47.63442014
2024-10-18,2024,Octane 92,15.25,Modern Economy,Nissan/Toyota/Hyundai,73.05999756,48.60489655,79.07866703,48.39844318
2024-10-18,2024,Octane 80,13.75,Old & Private,Lada/Fiat 128,73.05999756,48.60489655,79.07866703,48.39844318
2024-10-18,2024,Diesel (Solar),13.5,Transport & Heavy,Microbus/Trucks/Buses,73.05999756,48.60489655,79.07866703,48.39844318
2024-10-18,2024,Natural Gas (CNG),7,Savings & Taxi,Converted Taxis/Uber,73.05999756,48.60489655,79.07866703,48.39844318
2024-10-18,2024,Octane 95,17,Luxury & Turbo,Mercedes/BMW/Kia Turbo,73.05999756,48.60489655,79.07866703,48.39844318
2025-04-11,2025,Natural Gas (CNG),8.5,Savings & Taxi,Converted Taxis/Uber,64.76000214,51.29029846,73.75377791,50.5479724
2025-04-11,2025,Diesel (Solar),15.5,Transport & Heavy,Microbus/Trucks/Buses,64.76000214,51.29029846,73.75377791,50.5479724
2025-04-11,2025,Octane 95,19,Luxury & Turbo,Mercedes/BMW/Kia Turbo,64.76000214,51.29029846,73.75377791,50.5479724
2025-04-11,2025,Octane 92,17.25,Modern Economy,Nissan/Toyota/Hyundai,64.76000214,51.29029846,73.75377791,50.5479724
2025-04-11,2025,Octane 80,15.75,Old & Private,Lada/Fiat 128,64.76000214,51.29029846,73.75377791,50.5479724
2025-10-17,2025,Natural Gas (CNG),10,Savings & Taxi,Converted Taxis/Uber,61.29000092,47.56579971,67.95777762,48.68325941
2025-10-17,2025,Diesel (Solar),17.5,Transport & Heavy,Microbus/Trucks/Buses,61.29000092,47.56579971,67.95777762,48.68325941
2025-10-17,2025,Octane 95,21,Luxury & Turbo,Mercedes/BMW/Kia Turbo,61.29000092,47.56579971,67.95777762,48.68325941
2025-10-17,2025,Octane 92,19.25,Modern Economy,Nissan/Toyota/Hyundai,61.29000092,47.56579971,67.95777762,48.68325941
2025-10-17,2025,Octane 80,17.75,Old & Private,Lada/Fiat 128,61.29000092,47.56579971,67.95777762,48.68325941
